"barcode","filename","url"
"7200011","01.jpg","https://raw.githubusercontent.com/shahinalzalam9-web/Joda-Photos/main/7200011/01.jpg"
"7200011","02.jpg","https://raw.githubusercontent.com/shahinalzalam9-web/Joda-Photos/main/7200011/02.jpg"
"7200011","03.jpg","https://raw.githubusercontent.com/shahinalzalam9-web/Joda-Photos/main/7200011/03.jpg"
"7200011","04.jpg","https://raw.githubusercontent.com/shahinalzalam9-web/Joda-Photos/main/7200011/04.jpg"
"7200011","05.jpg","https://raw.githubusercontent.com/shahinalzalam9-web/Joda-Photos/main/7200011/05.jpg"
"7200011","06.jpg","https://raw.githubusercontent.com/shahinalzalam9-web/Joda-Photos/main/7200011/06.jpg"
"7200011","07.jpg","https://raw.githubusercontent.com/shahinalzalam9-web/Joda-Photos/main/7200011/07.jpg"
"7200011","08 Box Picture 60W 1m.jpg","https://raw.githubusercontent.com/shahinalzalam9-web/Joda-Photos/main/7200011/08 Box Picture 60W 1m.jpg"
"7200011","09 Box Picture 60W 2m.jpg","https://raw.githubusercontent.com/shahinalzalam9-web/Joda-Photos/main/7200011/09 Box Picture 60W 2m.jpg"
"7200011","10.jpg","https://raw.githubusercontent.com/shahinalzalam9-web/Joda-Photos/main/7200011/10.jpg"
"7200012","01.jpg","https://raw.githubusercontent.com/shahinalzalam9-web/Joda-Photos/main/7200012/01.jpg"
"7200012","02.jpg","https://raw.githubusercontent.com/shahinalzalam9-web/Joda-Photos/main/7200012/02.jpg"
"7200012","03.jpg","https://raw.githubusercontent.com/shahinalzalam9-web/Joda-Photos/main/7200012/03.jpg"
"7200012","04.jpg","https://raw.githubusercontent.com/shahinalzalam9-web/Joda-Photos/main/7200012/04.jpg"
"7200012","05.jpg","https://raw.githubusercontent.com/shahinalzalam9-web/Joda-Photos/main/7200012/05.jpg"
"7200012","06.jpg","https://raw.githubusercontent.com/shahinalzalam9-web/Joda-Photos/main/7200012/06.jpg"
"7200012","07.jpg","https://raw.githubusercontent.com/shahinalzalam9-web/Joda-Photos/main/7200012/07.jpg"
"7200012","08 Box Picture 60W 1m.jpg","https://raw.githubusercontent.com/shahinalzalam9-web/Joda-Photos/main/7200012/08 Box Picture 60W 1m.jpg"
"7200012","09 Box Picture 60W 2m.jpg","https://raw.githubusercontent.com/shahinalzalam9-web/Joda-Photos/main/7200012/09 Box Picture 60W 2m.jpg"
"7200012","10.jpg","https://raw.githubusercontent.com/shahinalzalam9-web/Joda-Photos/main/7200012/10.jpg"
"7200013","01.jpg","https://raw.githubusercontent.com/shahinalzalam9-web/Joda-Photos/main/7200013/01.jpg"
"7200013","02.jpg","https://raw.githubusercontent.com/shahinalzalam9-web/Joda-Photos/main/7200013/02.jpg"
"7200013","03.jpg","https://raw.githubusercontent.com/shahinalzalam9-web/Joda-Photos/main/7200013/03.jpg"
"7200013","04.jpg","https://raw.githubusercontent.com/shahinalzalam9-web/Joda-Photos/main/7200013/04.jpg"
"7200013","05.jpg","https://raw.githubusercontent.com/shahinalzalam9-web/Joda-Photos/main/7200013/05.jpg"
"7200013","06.jpg","https://raw.githubusercontent.com/shahinalzalam9-web/Joda-Photos/main/7200013/06.jpg"
"7200013","07.jpg","https://raw.githubusercontent.com/shahinalzalam9-web/Joda-Photos/main/7200013/07.jpg"
"7200013","08.jpg","https://raw.githubusercontent.com/shahinalzalam9-web/Joda-Photos/main/7200013/08.jpg"
"7200013","09 Box Picture 240W 1m.jpg","https://raw.githubusercontent.com/shahinalzalam9-web/Joda-Photos/main/7200013/09 Box Picture 240W 1m.jpg"
"7200013","10 Box Picture 240W 2m.jpg","https://raw.githubusercontent.com/shahinalzalam9-web/Joda-Photos/main/7200013/10 Box Picture 240W 2m.jpg"
"7200013","10.jpg","https://raw.githubusercontent.com/shahinalzalam9-web/Joda-Photos/main/7200013/10.jpg"
"7200014","01.jpg","https://raw.githubusercontent.com/shahinalzalam9-web/Joda-Photos/main/7200014/01.jpg"
"7200014","02.jpg","https://raw.githubusercontent.com/shahinalzalam9-web/Joda-Photos/main/7200014/02.jpg"
"7200014","03.jpg","https://raw.githubusercontent.com/shahinalzalam9-web/Joda-Photos/main/7200014/03.jpg"
"7200014","04.jpg","https://raw.githubusercontent.com/shahinalzalam9-web/Joda-Photos/main/7200014/04.jpg"
"7200014","05.jpg","https://raw.githubusercontent.com/shahinalzalam9-web/Joda-Photos/main/7200014/05.jpg"
"7200014","06.jpg","https://raw.githubusercontent.com/shahinalzalam9-web/Joda-Photos/main/7200014/06.jpg"
"7200014","07.jpg","https://raw.githubusercontent.com/shahinalzalam9-web/Joda-Photos/main/7200014/07.jpg"
"7200014","08.jpg","https://raw.githubusercontent.com/shahinalzalam9-web/Joda-Photos/main/7200014/08.jpg"
"7200014","09 Box Picture 240W 1m.jpg","https://raw.githubusercontent.com/shahinalzalam9-web/Joda-Photos/main/7200014/09 Box Picture 240W 1m.jpg"
"7200014","10 Box Picture 240W 2m.jpg","https://raw.githubusercontent.com/shahinalzalam9-web/Joda-Photos/main/7200014/10 Box Picture 240W 2m.jpg"
"7200014","10.jpg","https://raw.githubusercontent.com/shahinalzalam9-web/Joda-Photos/main/7200014/10.jpg"
"7200015","01.png","https://raw.githubusercontent.com/shahinalzalam9-web/Joda-Photos/main/7200015/01.png"
"7200015","02.png","https://raw.githubusercontent.com/shahinalzalam9-web/Joda-Photos/main/7200015/02.png"
"7200015","03.png","https://raw.githubusercontent.com/shahinalzalam9-web/Joda-Photos/main/7200015/03.png"
"7200015","04.png","https://raw.githubusercontent.com/shahinalzalam9-web/Joda-Photos/main/7200015/04.png"
"7200015","05.png","https://raw.githubusercontent.com/shahinalzalam9-web/Joda-Photos/main/7200015/05.png"
"7200015","06 Box Picture.jpg","https://raw.githubusercontent.com/shahinalzalam9-web/Joda-Photos/main/7200015/06 Box Picture.jpg"
"7200016","01.jpg","https://raw.githubusercontent.com/shahinalzalam9-web/Joda-Photos/main/7200016/01.jpg"
"7200016","02.jpg","https://raw.githubusercontent.com/shahinalzalam9-web/Joda-Photos/main/7200016/02.jpg"
"7200016","03.jpg","https://raw.githubusercontent.com/shahinalzalam9-web/Joda-Photos/main/7200016/03.jpg"
"7200016","04.jpg","https://raw.githubusercontent.com/shahinalzalam9-web/Joda-Photos/main/7200016/04.jpg"
"7200016","05.jpg","https://raw.githubusercontent.com/shahinalzalam9-web/Joda-Photos/main/7200016/05.jpg"
"7200016","06.jpg","https://raw.githubusercontent.com/shahinalzalam9-web/Joda-Photos/main/7200016/06.jpg"
"7200016","07.jpg","https://raw.githubusercontent.com/shahinalzalam9-web/Joda-Photos/main/7200016/07.jpg"
"7200016","08.jpg","https://raw.githubusercontent.com/shahinalzalam9-web/Joda-Photos/main/7200016/08.jpg"
"7200016","09.jpg","https://raw.githubusercontent.com/shahinalzalam9-web/Joda-Photos/main/7200016/09.jpg"
"7200017","01.jpg","https://raw.githubusercontent.com/shahinalzalam9-web/Joda-Photos/main/7200017/01.jpg"
"7200017","02.jpg","https://raw.githubusercontent.com/shahinalzalam9-web/Joda-Photos/main/7200017/02.jpg"
"7200017","03.jpg","https://raw.githubusercontent.com/shahinalzalam9-web/Joda-Photos/main/7200017/03.jpg"
"7200017","04.jpg","https://raw.githubusercontent.com/shahinalzalam9-web/Joda-Photos/main/7200017/04.jpg"
"7200017","05.jpg","https://raw.githubusercontent.com/shahinalzalam9-web/Joda-Photos/main/7200017/05.jpg"
"7200017","06.jpg","https://raw.githubusercontent.com/shahinalzalam9-web/Joda-Photos/main/7200017/06.jpg"
"7200017","07.jpg","https://raw.githubusercontent.com/shahinalzalam9-web/Joda-Photos/main/7200017/07.jpg"
"7200017","08.jpg","https://raw.githubusercontent.com/shahinalzalam9-web/Joda-Photos/main/7200017/08.jpg"
"7200017","09.jpg","https://raw.githubusercontent.com/shahinalzalam9-web/Joda-Photos/main/7200017/09.jpg"
"7200018","01.jpg","https://raw.githubusercontent.com/shahinalzalam9-web/Joda-Photos/main/7200018/01.jpg"
"7200018","02.jpg","https://raw.githubusercontent.com/shahinalzalam9-web/Joda-Photos/main/7200018/02.jpg"
"7200018","03.jpg","https://raw.githubusercontent.com/shahinalzalam9-web/Joda-Photos/main/7200018/03.jpg"
"7200018","04.jpg","https://raw.githubusercontent.com/shahinalzalam9-web/Joda-Photos/main/7200018/04.jpg"
"7200018","05.jpg","https://raw.githubusercontent.com/shahinalzalam9-web/Joda-Photos/main/7200018/05.jpg"
"7200018","06.jpg","https://raw.githubusercontent.com/shahinalzalam9-web/Joda-Photos/main/7200018/06.jpg"
"7200018","07.jpg","https://raw.githubusercontent.com/shahinalzalam9-web/Joda-Photos/main/7200018/07.jpg"
"7200018","08.jpg","https://raw.githubusercontent.com/shahinalzalam9-web/Joda-Photos/main/7200018/08.jpg"
"7200018","09.jpg","https://raw.githubusercontent.com/shahinalzalam9-web/Joda-Photos/main/7200018/09.jpg"
"7200019","01.jpg","https://raw.githubusercontent.com/shahinalzalam9-web/Joda-Photos/main/7200019/01.jpg"
"7200019","02.jpg","https://raw.githubusercontent.com/shahinalzalam9-web/Joda-Photos/main/7200019/02.jpg"
"7200019","03.jpg","https://raw.githubusercontent.com/shahinalzalam9-web/Joda-Photos/main/7200019/03.jpg"
"7200019","04.jpg","https://raw.githubusercontent.com/shahinalzalam9-web/Joda-Photos/main/7200019/04.jpg"
"7200019","05.jpg","https://raw.githubusercontent.com/shahinalzalam9-web/Joda-Photos/main/7200019/05.jpg"
"7200019","06.jpg","https://raw.githubusercontent.com/shahinalzalam9-web/Joda-Photos/main/7200019/06.jpg"
"7200019","07.jpg","https://raw.githubusercontent.com/shahinalzalam9-web/Joda-Photos/main/7200019/07.jpg"
"7200019","08.jpg","https://raw.githubusercontent.com/shahinalzalam9-web/Joda-Photos/main/7200019/08.jpg"
"7200019","09.jpg","https://raw.githubusercontent.com/shahinalzalam9-web/Joda-Photos/main/7200019/09.jpg"
"7200020","01.jpg","https://raw.githubusercontent.com/shahinalzalam9-web/Joda-Photos/main/7200020/01.jpg"
"7200020","02.jpg","https://raw.githubusercontent.com/shahinalzalam9-web/Joda-Photos/main/7200020/02.jpg"
"7200020","03.jpg","https://raw.githubusercontent.com/shahinalzalam9-web/Joda-Photos/main/7200020/03.jpg"
"7200020","04.jpg","https://raw.githubusercontent.com/shahinalzalam9-web/Joda-Photos/main/7200020/04.jpg"
"7200020","05.jpg","https://raw.githubusercontent.com/shahinalzalam9-web/Joda-Photos/main/7200020/05.jpg"
"7200020","06.jpg","https://raw.githubusercontent.com/shahinalzalam9-web/Joda-Photos/main/7200020/06.jpg"
"7200020","07.jpg","https://raw.githubusercontent.com/shahinalzalam9-web/Joda-Photos/main/7200020/07.jpg"
"7200020","08.jpg","https://raw.githubusercontent.com/shahinalzalam9-web/Joda-Photos/main/7200020/08.jpg"
"7200020","09.jpg","https://raw.githubusercontent.com/shahinalzalam9-web/Joda-Photos/main/7200020/09.jpg"
"7200021","01.jpg","https://raw.githubusercontent.com/shahinalzalam9-web/Joda-Photos/main/7200021/01.jpg"
"7200021","02.jpg","https://raw.githubusercontent.com/shahinalzalam9-web/Joda-Photos/main/7200021/02.jpg"
"7200021","03.jpg","https://raw.githubusercontent.com/shahinalzalam9-web/Joda-Photos/main/7200021/03.jpg"
"7200021","04.jpg","https://raw.githubusercontent.com/shahinalzalam9-web/Joda-Photos/main/7200021/04.jpg"
"7200021","05.jpg","https://raw.githubusercontent.com/shahinalzalam9-web/Joda-Photos/main/7200021/05.jpg"
"7200021","06.jpg","https://raw.githubusercontent.com/shahinalzalam9-web/Joda-Photos/main/7200021/06.jpg"
"7200021","07.jpg","https://raw.githubusercontent.com/shahinalzalam9-web/Joda-Photos/main/7200021/07.jpg"
"7200021","08.jpg","https://raw.githubusercontent.com/shahinalzalam9-web/Joda-Photos/main/7200021/08.jpg"
"7200021","09.jpg","https://raw.githubusercontent.com/shahinalzalam9-web/Joda-Photos/main/7200021/09.jpg"
"7200022","01.jpg","https://raw.githubusercontent.com/shahinalzalam9-web/Joda-Photos/main/7200022/01.jpg"
"7200022","02.jpg","https://raw.githubusercontent.com/shahinalzalam9-web/Joda-Photos/main/7200022/02.jpg"
"7200022","03.jpg","https://raw.githubusercontent.com/shahinalzalam9-web/Joda-Photos/main/7200022/03.jpg"
"7200022","04.jpg","https://raw.githubusercontent.com/shahinalzalam9-web/Joda-Photos/main/7200022/04.jpg"
"7200022","05.jpg","https://raw.githubusercontent.com/shahinalzalam9-web/Joda-Photos/main/7200022/05.jpg"
"7200022","06.jpg","https://raw.githubusercontent.com/shahinalzalam9-web/Joda-Photos/main/7200022/06.jpg"
"7200022","07.jpg","https://raw.githubusercontent.com/shahinalzalam9-web/Joda-Photos/main/7200022/07.jpg"
"7200022","09.jpg","https://raw.githubusercontent.com/shahinalzalam9-web/Joda-Photos/main/7200022/09.jpg"
"7200022","white08.jpg","https://raw.githubusercontent.com/shahinalzalam9-web/Joda-Photos/main/7200022/white08.jpg"
"7200023","01.jpg","https://raw.githubusercontent.com/shahinalzalam9-web/Joda-Photos/main/7200023/01.jpg"
"7200023","02.jpg","https://raw.githubusercontent.com/shahinalzalam9-web/Joda-Photos/main/7200023/02.jpg"
"7200023","03.jpg","https://raw.githubusercontent.com/shahinalzalam9-web/Joda-Photos/main/7200023/03.jpg"
"7200023","04.jpg","https://raw.githubusercontent.com/shahinalzalam9-web/Joda-Photos/main/7200023/04.jpg"
"7200023","05.jpg","https://raw.githubusercontent.com/shahinalzalam9-web/Joda-Photos/main/7200023/05.jpg"
"7200023","06.jpg","https://raw.githubusercontent.com/shahinalzalam9-web/Joda-Photos/main/7200023/06.jpg"
"7200023","07.jpg","https://raw.githubusercontent.com/shahinalzalam9-web/Joda-Photos/main/7200023/07.jpg"
"7200023","08.jpg","https://raw.githubusercontent.com/shahinalzalam9-web/Joda-Photos/main/7200023/08.jpg"
"7200023","09.jpg","https://raw.githubusercontent.com/shahinalzalam9-web/Joda-Photos/main/7200023/09.jpg"
"7200031","01.jpg","https://raw.githubusercontent.com/shahinalzalam9-web/Joda-Photos/main/7200031/01.jpg"
"7200031","02.jpg","https://raw.githubusercontent.com/shahinalzalam9-web/Joda-Photos/main/7200031/02.jpg"
"7200031","03.jpg","https://raw.githubusercontent.com/shahinalzalam9-web/Joda-Photos/main/7200031/03.jpg"
"7200031","04.png","https://raw.githubusercontent.com/shahinalzalam9-web/Joda-Photos/main/7200031/04.png"
"7200031","05.jpg","https://raw.githubusercontent.com/shahinalzalam9-web/Joda-Photos/main/7200031/05.jpg"
"7200031","06 Box Picture.jpg","https://raw.githubusercontent.com/shahinalzalam9-web/Joda-Photos/main/7200031/06 Box Picture.jpg"
"7200032","01.png","https://raw.githubusercontent.com/shahinalzalam9-web/Joda-Photos/main/7200032/01.png"
"7200032","03.jpg","https://raw.githubusercontent.com/shahinalzalam9-web/Joda-Photos/main/7200032/03.jpg"
"7200032","04.jpg","https://raw.githubusercontent.com/shahinalzalam9-web/Joda-Photos/main/7200032/04.jpg"
"7200032","05.jpg","https://raw.githubusercontent.com/shahinalzalam9-web/Joda-Photos/main/7200032/05.jpg"
"7200032","06 Box Picture.jpg","https://raw.githubusercontent.com/shahinalzalam9-web/Joda-Photos/main/7200032/06 Box Picture.jpg"
"7200033","01.jpg","https://raw.githubusercontent.com/shahinalzalam9-web/Joda-Photos/main/7200033/01.jpg"
"7200033","02.jpg","https://raw.githubusercontent.com/shahinalzalam9-web/Joda-Photos/main/7200033/02.jpg"
"7200033","03.jpg","https://raw.githubusercontent.com/shahinalzalam9-web/Joda-Photos/main/7200033/03.jpg"
"7200033","04.jpg","https://raw.githubusercontent.com/shahinalzalam9-web/Joda-Photos/main/7200033/04.jpg"
"7200033","05.jpg","https://raw.githubusercontent.com/shahinalzalam9-web/Joda-Photos/main/7200033/05.jpg"
"7200033","06 Box Picture.jpg","https://raw.githubusercontent.com/shahinalzalam9-web/Joda-Photos/main/7200033/06 Box Picture.jpg"
"7200035","01.jpg","https://raw.githubusercontent.com/shahinalzalam9-web/Joda-Photos/main/7200035/01.jpg"
"7200035","02.jpg","https://raw.githubusercontent.com/shahinalzalam9-web/Joda-Photos/main/7200035/02.jpg"
"7200035","03.jpg","https://raw.githubusercontent.com/shahinalzalam9-web/Joda-Photos/main/7200035/03.jpg"
"7200035","04.jpg","https://raw.githubusercontent.com/shahinalzalam9-web/Joda-Photos/main/7200035/04.jpg"
"7200035","05.jpg","https://raw.githubusercontent.com/shahinalzalam9-web/Joda-Photos/main/7200035/05.jpg"
"7200035","06.jpg","https://raw.githubusercontent.com/shahinalzalam9-web/Joda-Photos/main/7200035/06.jpg"
"7200035","07.jpg","https://raw.githubusercontent.com/shahinalzalam9-web/Joda-Photos/main/7200035/07.jpg"
"7200035","08.jpg","https://raw.githubusercontent.com/shahinalzalam9-web/Joda-Photos/main/7200035/08.jpg"
"7200035","09 Box Picture.jpg","https://raw.githubusercontent.com/shahinalzalam9-web/Joda-Photos/main/7200035/09 Box Picture.jpg"
"7200035","10.jpg","https://raw.githubusercontent.com/shahinalzalam9-web/Joda-Photos/main/7200035/10.jpg"
"7200036","01.jpg","https://raw.githubusercontent.com/shahinalzalam9-web/Joda-Photos/main/7200036/01.jpg"
"7200036","02.jpg","https://raw.githubusercontent.com/shahinalzalam9-web/Joda-Photos/main/7200036/02.jpg"
"7200036","03.jpg","https://raw.githubusercontent.com/shahinalzalam9-web/Joda-Photos/main/7200036/03.jpg"
"7200036","04.jpg","https://raw.githubusercontent.com/shahinalzalam9-web/Joda-Photos/main/7200036/04.jpg"
"7200036","05.jpg","https://raw.githubusercontent.com/shahinalzalam9-web/Joda-Photos/main/7200036/05.jpg"
"7200036","06.jpg","https://raw.githubusercontent.com/shahinalzalam9-web/Joda-Photos/main/7200036/06.jpg"
"7200036","07.jpg","https://raw.githubusercontent.com/shahinalzalam9-web/Joda-Photos/main/7200036/07.jpg"
"7200036","08.jpg","https://raw.githubusercontent.com/shahinalzalam9-web/Joda-Photos/main/7200036/08.jpg"
"7200036","09 Box Picture.jpg","https://raw.githubusercontent.com/shahinalzalam9-web/Joda-Photos/main/7200036/09 Box Picture.jpg"
"7200036","10.jpg","https://raw.githubusercontent.com/shahinalzalam9-web/Joda-Photos/main/7200036/10.jpg"
"7200037","01.jpg","https://raw.githubusercontent.com/shahinalzalam9-web/Joda-Photos/main/7200037/01.jpg"
"7200037","02.jpg","https://raw.githubusercontent.com/shahinalzalam9-web/Joda-Photos/main/7200037/02.jpg"
"7200037","03.jpg","https://raw.githubusercontent.com/shahinalzalam9-web/Joda-Photos/main/7200037/03.jpg"
"7200037","04.jpg","https://raw.githubusercontent.com/shahinalzalam9-web/Joda-Photos/main/7200037/04.jpg"
"7200037","05.jpg","https://raw.githubusercontent.com/shahinalzalam9-web/Joda-Photos/main/7200037/05.jpg"
"7200037","06.jpg","https://raw.githubusercontent.com/shahinalzalam9-web/Joda-Photos/main/7200037/06.jpg"
"7200037","07.jpg","https://raw.githubusercontent.com/shahinalzalam9-web/Joda-Photos/main/7200037/07.jpg"
"7200037","08.jpg","https://raw.githubusercontent.com/shahinalzalam9-web/Joda-Photos/main/7200037/08.jpg"
"7200037","09 Box Picture.jpg","https://raw.githubusercontent.com/shahinalzalam9-web/Joda-Photos/main/7200037/09 Box Picture.jpg"
"7200037","10.jpg","https://raw.githubusercontent.com/shahinalzalam9-web/Joda-Photos/main/7200037/10.jpg"
"7200038","01.jpg","https://raw.githubusercontent.com/shahinalzalam9-web/Joda-Photos/main/7200038/01.jpg"
"7200038","02.jpg","https://raw.githubusercontent.com/shahinalzalam9-web/Joda-Photos/main/7200038/02.jpg"
"7200038","03.jpg","https://raw.githubusercontent.com/shahinalzalam9-web/Joda-Photos/main/7200038/03.jpg"
"7200038","04.jpg","https://raw.githubusercontent.com/shahinalzalam9-web/Joda-Photos/main/7200038/04.jpg"
"7200038","05.jpg","https://raw.githubusercontent.com/shahinalzalam9-web/Joda-Photos/main/7200038/05.jpg"
"7200038","06.jpg","https://raw.githubusercontent.com/shahinalzalam9-web/Joda-Photos/main/7200038/06.jpg"
"7200038","07.jpg","https://raw.githubusercontent.com/shahinalzalam9-web/Joda-Photos/main/7200038/07.jpg"
"7200038","08 Box Picture 60W 1m.jpg","https://raw.githubusercontent.com/shahinalzalam9-web/Joda-Photos/main/7200038/08 Box Picture 60W 1m.jpg"
"7200038","09 Box Picture 60W 2m.jpg","https://raw.githubusercontent.com/shahinalzalam9-web/Joda-Photos/main/7200038/09 Box Picture 60W 2m.jpg"
"7200038","10.jpg","https://raw.githubusercontent.com/shahinalzalam9-web/Joda-Photos/main/7200038/10.jpg"
"7200039","01.jpg","https://raw.githubusercontent.com/shahinalzalam9-web/Joda-Photos/main/7200039/01.jpg"
"7200039","02.jpg","https://raw.githubusercontent.com/shahinalzalam9-web/Joda-Photos/main/7200039/02.jpg"
"7200039","03.jpg","https://raw.githubusercontent.com/shahinalzalam9-web/Joda-Photos/main/7200039/03.jpg"
"7200039","04.jpg","https://raw.githubusercontent.com/shahinalzalam9-web/Joda-Photos/main/7200039/04.jpg"
"7200039","05.jpg","https://raw.githubusercontent.com/shahinalzalam9-web/Joda-Photos/main/7200039/05.jpg"
"7200039","06.jpg","https://raw.githubusercontent.com/shahinalzalam9-web/Joda-Photos/main/7200039/06.jpg"
"7200039","07.jpg","https://raw.githubusercontent.com/shahinalzalam9-web/Joda-Photos/main/7200039/07.jpg"
"7200039","08 Box Picture 60W 1m.jpg","https://raw.githubusercontent.com/shahinalzalam9-web/Joda-Photos/main/7200039/08 Box Picture 60W 1m.jpg"
"7200039","09 Box Picture 60W 2m.jpg","https://raw.githubusercontent.com/shahinalzalam9-web/Joda-Photos/main/7200039/09 Box Picture 60W 2m.jpg"
"7200039","10.jpg","https://raw.githubusercontent.com/shahinalzalam9-web/Joda-Photos/main/7200039/10.jpg"
"7200044","1.jpg","https://raw.githubusercontent.com/shahinalzalam9-web/Joda-Photos/main/7200044/1.jpg"
"7200044","2.jpg","https://raw.githubusercontent.com/shahinalzalam9-web/Joda-Photos/main/7200044/2.jpg"
"7200044","3.jpg","https://raw.githubusercontent.com/shahinalzalam9-web/Joda-Photos/main/7200044/3.jpg"
"7200044","4.jpg","https://raw.githubusercontent.com/shahinalzalam9-web/Joda-Photos/main/7200044/4.jpg"
"7200044","5.jpg","https://raw.githubusercontent.com/shahinalzalam9-web/Joda-Photos/main/7200044/5.jpg"
"7200044","6.jpg","https://raw.githubusercontent.com/shahinalzalam9-web/Joda-Photos/main/7200044/6.jpg"
"7200044","7.jpg","https://raw.githubusercontent.com/shahinalzalam9-web/Joda-Photos/main/7200044/7.jpg"
"7200044","8.jpg","https://raw.githubusercontent.com/shahinalzalam9-web/Joda-Photos/main/7200044/8.jpg"
"7200045","1.jpg","https://raw.githubusercontent.com/shahinalzalam9-web/Joda-Photos/main/7200045/1.jpg"
"7200045","2.jpg","https://raw.githubusercontent.com/shahinalzalam9-web/Joda-Photos/main/7200045/2.jpg"
"7200045","3.jpg","https://raw.githubusercontent.com/shahinalzalam9-web/Joda-Photos/main/7200045/3.jpg"
"7200045","4.jpg","https://raw.githubusercontent.com/shahinalzalam9-web/Joda-Photos/main/7200045/4.jpg"
"7200045","5.jpg","https://raw.githubusercontent.com/shahinalzalam9-web/Joda-Photos/main/7200045/5.jpg"
"7200045","6.jpg","https://raw.githubusercontent.com/shahinalzalam9-web/Joda-Photos/main/7200045/6.jpg"
"7200045","7.jpg","https://raw.githubusercontent.com/shahinalzalam9-web/Joda-Photos/main/7200045/7.jpg"
"7200045","8.jpg","https://raw.githubusercontent.com/shahinalzalam9-web/Joda-Photos/main/7200045/8.jpg"
"7200046","1.jpg","https://raw.githubusercontent.com/shahinalzalam9-web/Joda-Photos/main/7200046/1.jpg"
"7200046","2.jpg","https://raw.githubusercontent.com/shahinalzalam9-web/Joda-Photos/main/7200046/2.jpg"
"7200046","3.jpg","https://raw.githubusercontent.com/shahinalzalam9-web/Joda-Photos/main/7200046/3.jpg"
"7200046","4.jpg","https://raw.githubusercontent.com/shahinalzalam9-web/Joda-Photos/main/7200046/4.jpg"
"7200046","5.jpg","https://raw.githubusercontent.com/shahinalzalam9-web/Joda-Photos/main/7200046/5.jpg"
"7200046","6.jpg","https://raw.githubusercontent.com/shahinalzalam9-web/Joda-Photos/main/7200046/6.jpg"
"7200046","7.jpg","https://raw.githubusercontent.com/shahinalzalam9-web/Joda-Photos/main/7200046/7.jpg"
"7200046","8.jpg","https://raw.githubusercontent.com/shahinalzalam9-web/Joda-Photos/main/7200046/8.jpg"
"7200047","1.jpg","https://raw.githubusercontent.com/shahinalzalam9-web/Joda-Photos/main/7200047/1.jpg"
"7200047","2.jpg","https://raw.githubusercontent.com/shahinalzalam9-web/Joda-Photos/main/7200047/2.jpg"
"7200047","3.jpg","https://raw.githubusercontent.com/shahinalzalam9-web/Joda-Photos/main/7200047/3.jpg"
"7200047","4.jpg","https://raw.githubusercontent.com/shahinalzalam9-web/Joda-Photos/main/7200047/4.jpg"
"7200047","5.jpg","https://raw.githubusercontent.com/shahinalzalam9-web/Joda-Photos/main/7200047/5.jpg"
"7200047","6.jpg","https://raw.githubusercontent.com/shahinalzalam9-web/Joda-Photos/main/7200047/6.jpg"
"7200047","7.jpg","https://raw.githubusercontent.com/shahinalzalam9-web/Joda-Photos/main/7200047/7.jpg"
"7200047","8.jpg","https://raw.githubusercontent.com/shahinalzalam9-web/Joda-Photos/main/7200047/8.jpg"
"7200073","1-MagRoll 60 磁吸线 钛色.jpg","https://raw.githubusercontent.com/shahinalzalam9-web/Joda-Photos/main/7200073/1-MagRoll 60 磁吸线 钛色.jpg"
"7200073","2-MagRoll 60 磁吸线 钛色.jpg","https://raw.githubusercontent.com/shahinalzalam9-web/Joda-Photos/main/7200073/2-MagRoll 60 磁吸线 钛色.jpg"
"7200073","3-MagRoll 60 磁吸线 钛色.jpg","https://raw.githubusercontent.com/shahinalzalam9-web/Joda-Photos/main/7200073/3-MagRoll 60 磁吸线 钛色.jpg"
"7200073","4-MagRoll 60 磁吸线 钛色.jpg","https://raw.githubusercontent.com/shahinalzalam9-web/Joda-Photos/main/7200073/4-MagRoll 60 磁吸线 钛色.jpg"
"7200073","5-MagRoll 编织线 钛色.jpg","https://raw.githubusercontent.com/shahinalzalam9-web/Joda-Photos/main/7200073/5-MagRoll 编织线 钛色.jpg"
"7200073","6-MagRoll 编织线 钛色.jpg","https://raw.githubusercontent.com/shahinalzalam9-web/Joda-Photos/main/7200073/6-MagRoll 编织线 钛色.jpg"
"7200073","MagRoll 60 磁吸线 钛色.jpg","https://raw.githubusercontent.com/shahinalzalam9-web/Joda-Photos/main/7200073/MagRoll 60 磁吸线 钛色.jpg"
"7200073","钛.jpg","https://raw.githubusercontent.com/shahinalzalam9-web/Joda-Photos/main/7200073/钛.jpg"
"7200074","1-MagRoll 60 磁吸线 金色.jpg","https://raw.githubusercontent.com/shahinalzalam9-web/Joda-Photos/main/7200074/1-MagRoll 60 磁吸线 金色.jpg"
"7200074","2-MagRoll 60 磁吸线 金色.jpg","https://raw.githubusercontent.com/shahinalzalam9-web/Joda-Photos/main/7200074/2-MagRoll 60 磁吸线 金色.jpg"
"7200074","3-MagRoll 60 磁吸线 金色.jpg","https://raw.githubusercontent.com/shahinalzalam9-web/Joda-Photos/main/7200074/3-MagRoll 60 磁吸线 金色.jpg"
"7200074","4-MagRoll 60 磁吸线 金色.jpg","https://raw.githubusercontent.com/shahinalzalam9-web/Joda-Photos/main/7200074/4-MagRoll 60 磁吸线 金色.jpg"
"7200074","5-MagRoll 编织线 金色.jpg","https://raw.githubusercontent.com/shahinalzalam9-web/Joda-Photos/main/7200074/5-MagRoll 编织线 金色.jpg"
"7200074","6-MagRoll 编织线 金色.jpg","https://raw.githubusercontent.com/shahinalzalam9-web/Joda-Photos/main/7200074/6-MagRoll 编织线 金色.jpg"
"7200074","MagRoll 60 磁吸线 金色.jpg","https://raw.githubusercontent.com/shahinalzalam9-web/Joda-Photos/main/7200074/MagRoll 60 磁吸线 金色.jpg"
"7200074","金.jpg","https://raw.githubusercontent.com/shahinalzalam9-web/Joda-Photos/main/7200074/金.jpg"
"7200075","1-MagRoll 60 磁吸线 黑色.jpg","https://raw.githubusercontent.com/shahinalzalam9-web/Joda-Photos/main/7200075/1-MagRoll 60 磁吸线 黑色.jpg"
"7200075","2-MagRoll 60 磁吸线 黑色.jpg","https://raw.githubusercontent.com/shahinalzalam9-web/Joda-Photos/main/7200075/2-MagRoll 60 磁吸线 黑色.jpg"
"7200075","3-MagRoll 60 磁吸线 黑色.jpg","https://raw.githubusercontent.com/shahinalzalam9-web/Joda-Photos/main/7200075/3-MagRoll 60 磁吸线 黑色.jpg"
"7200075","4-MagRoll 60 磁吸线 黑色.jpg","https://raw.githubusercontent.com/shahinalzalam9-web/Joda-Photos/main/7200075/4-MagRoll 60 磁吸线 黑色.jpg"
"7200075","5-MagRoll 编织线 黑色.jpg","https://raw.githubusercontent.com/shahinalzalam9-web/Joda-Photos/main/7200075/5-MagRoll 编织线 黑色.jpg"
"7200075","6-MagRoll 编织线 黑色.jpg","https://raw.githubusercontent.com/shahinalzalam9-web/Joda-Photos/main/7200075/6-MagRoll 编织线 黑色.jpg"
"7200075","MagRoll 60 磁吸线 黑色.jpg","https://raw.githubusercontent.com/shahinalzalam9-web/Joda-Photos/main/7200075/MagRoll 60 磁吸线 黑色.jpg"
"7200075","黑.jpg","https://raw.githubusercontent.com/shahinalzalam9-web/Joda-Photos/main/7200075/黑.jpg"
"7200077","1-MagRoll 60 磁吸线 银色.jpg","https://raw.githubusercontent.com/shahinalzalam9-web/Joda-Photos/main/7200077/1-MagRoll 60 磁吸线 银色.jpg"
"7200077","2-MagRoll 60 磁吸线 银色.jpg","https://raw.githubusercontent.com/shahinalzalam9-web/Joda-Photos/main/7200077/2-MagRoll 60 磁吸线 银色.jpg"
"7200077","3-MagRoll 60 磁吸线 银色.jpg","https://raw.githubusercontent.com/shahinalzalam9-web/Joda-Photos/main/7200077/3-MagRoll 60 磁吸线 银色.jpg"
"7200077","4-MagRoll 60 磁吸线 银色.jpg","https://raw.githubusercontent.com/shahinalzalam9-web/Joda-Photos/main/7200077/4-MagRoll 60 磁吸线 银色.jpg"
"7200077","5-MagRoll 编织线 银色.jpg","https://raw.githubusercontent.com/shahinalzalam9-web/Joda-Photos/main/7200077/5-MagRoll 编织线 银色.jpg"
"7200077","6-MagRoll 编织线 银色.jpg","https://raw.githubusercontent.com/shahinalzalam9-web/Joda-Photos/main/7200077/6-MagRoll 编织线 银色.jpg"
"7200077","MagRoll 60 磁吸线 银色.jpg","https://raw.githubusercontent.com/shahinalzalam9-web/Joda-Photos/main/7200077/MagRoll 60 磁吸线 银色.jpg"
"7200077","银.jpg","https://raw.githubusercontent.com/shahinalzalam9-web/Joda-Photos/main/7200077/银.jpg"
"7200078","1.jpg","https://raw.githubusercontent.com/shahinalzalam9-web/Joda-Photos/main/7200078/1.jpg"
"7200078","2.jpg","https://raw.githubusercontent.com/shahinalzalam9-web/Joda-Photos/main/7200078/2.jpg"
"7200078","3.jpg","https://raw.githubusercontent.com/shahinalzalam9-web/Joda-Photos/main/7200078/3.jpg"
"7200078","4.jpg","https://raw.githubusercontent.com/shahinalzalam9-web/Joda-Photos/main/7200078/4.jpg"
"7200078","5.jpg","https://raw.githubusercontent.com/shahinalzalam9-web/Joda-Photos/main/7200078/5.jpg"
"7200078","6.jpg","https://raw.githubusercontent.com/shahinalzalam9-web/Joda-Photos/main/7200078/6.jpg"
"7200093","1-Flex 编织线 黑色.jpg","https://raw.githubusercontent.com/shahinalzalam9-web/Joda-Photos/main/7200093/1-Flex 编织线 黑色.jpg"
"7200093","2-Flex 编织线 黑色.jpg","https://raw.githubusercontent.com/shahinalzalam9-web/Joda-Photos/main/7200093/2-Flex 编织线 黑色.jpg"
"7200093","3-Flex 编织线 黑色.jpg","https://raw.githubusercontent.com/shahinalzalam9-web/Joda-Photos/main/7200093/3-Flex 编织线 黑色.jpg"
"7200093","4-Flex 编织线 黑色.jpg","https://raw.githubusercontent.com/shahinalzalam9-web/Joda-Photos/main/7200093/4-Flex 编织线 黑色.jpg"
"7200093","5-场景.jpg","https://raw.githubusercontent.com/shahinalzalam9-web/Joda-Photos/main/7200093/5-场景.jpg"
"7200093","Flex 编织线-黑色.jpg","https://raw.githubusercontent.com/shahinalzalam9-web/Joda-Photos/main/7200093/Flex 编织线-黑色.jpg"
"7200093","黑.jpg","https://raw.githubusercontent.com/shahinalzalam9-web/Joda-Photos/main/7200093/黑.jpg"
"7200093","黑-1.jpg","https://raw.githubusercontent.com/shahinalzalam9-web/Joda-Photos/main/7200093/黑-1.jpg"
"7200094","1-Flex 编织线 钛色.jpg","https://raw.githubusercontent.com/shahinalzalam9-web/Joda-Photos/main/7200094/1-Flex 编织线 钛色.jpg"
"7200094","2-Flex 编织线 钛色.jpg","https://raw.githubusercontent.com/shahinalzalam9-web/Joda-Photos/main/7200094/2-Flex 编织线 钛色.jpg"
"7200094","3-Flex 编织线 钛色(1).jpg","https://raw.githubusercontent.com/shahinalzalam9-web/Joda-Photos/main/7200094/3-Flex 编织线 钛色(1).jpg"
"7200094","4-Flex 编织线 钛色.jpg","https://raw.githubusercontent.com/shahinalzalam9-web/Joda-Photos/main/7200094/4-Flex 编织线 钛色.jpg"
"7200094","5-场景.jpg","https://raw.githubusercontent.com/shahinalzalam9-web/Joda-Photos/main/7200094/5-场景.jpg"
"7200094","Flex 编织线-钛色.jpg","https://raw.githubusercontent.com/shahinalzalam9-web/Joda-Photos/main/7200094/Flex 编织线-钛色.jpg"
"7200094","钛.jpg","https://raw.githubusercontent.com/shahinalzalam9-web/Joda-Photos/main/7200094/钛.jpg"
"7200094","钛-1.jpg","https://raw.githubusercontent.com/shahinalzalam9-web/Joda-Photos/main/7200094/钛-1.jpg"
"7200095","1-Flex 编织线 金色.jpg","https://raw.githubusercontent.com/shahinalzalam9-web/Joda-Photos/main/7200095/1-Flex 编织线 金色.jpg"
"7200095","2-Flex 编织线 金色.jpg","https://raw.githubusercontent.com/shahinalzalam9-web/Joda-Photos/main/7200095/2-Flex 编织线 金色.jpg"
"7200095","3-Flex 编织线 金色(1).jpg","https://raw.githubusercontent.com/shahinalzalam9-web/Joda-Photos/main/7200095/3-Flex 编织线 金色(1).jpg"
"7200095","4-Flex 编织线 金色.jpg","https://raw.githubusercontent.com/shahinalzalam9-web/Joda-Photos/main/7200095/4-Flex 编织线 金色.jpg"
"7200095","5-场景.jpg","https://raw.githubusercontent.com/shahinalzalam9-web/Joda-Photos/main/7200095/5-场景.jpg"
"7200095","Flex 编织线-金色.jpg","https://raw.githubusercontent.com/shahinalzalam9-web/Joda-Photos/main/7200095/Flex 编织线-金色.jpg"
"7200095","金.jpg","https://raw.githubusercontent.com/shahinalzalam9-web/Joda-Photos/main/7200095/金.jpg"
"7200095","金-1.jpg","https://raw.githubusercontent.com/shahinalzalam9-web/Joda-Photos/main/7200095/金-1.jpg"
"7200096","1-Flex 编织线 银色.jpg","https://raw.githubusercontent.com/shahinalzalam9-web/Joda-Photos/main/7200096/1-Flex 编织线 银色.jpg"
"7200096","2-Flex 编织线 银色.jpg","https://raw.githubusercontent.com/shahinalzalam9-web/Joda-Photos/main/7200096/2-Flex 编织线 银色.jpg"
"7200096","3-Flex 编织线 银色(1).jpg","https://raw.githubusercontent.com/shahinalzalam9-web/Joda-Photos/main/7200096/3-Flex 编织线 银色(1).jpg"
"7200096","4-Flex 编织线 银色.jpg","https://raw.githubusercontent.com/shahinalzalam9-web/Joda-Photos/main/7200096/4-Flex 编织线 银色.jpg"
"7200096","5-场景.jpg","https://raw.githubusercontent.com/shahinalzalam9-web/Joda-Photos/main/7200096/5-场景.jpg"
"7200096","Flex 编织线-银色.jpg","https://raw.githubusercontent.com/shahinalzalam9-web/Joda-Photos/main/7200096/Flex 编织线-银色.jpg"
"7200096","银.jpg","https://raw.githubusercontent.com/shahinalzalam9-web/Joda-Photos/main/7200096/银.jpg"
"7200096","银-1.jpg","https://raw.githubusercontent.com/shahinalzalam9-web/Joda-Photos/main/7200096/银-1.jpg"
"7200102","8d195f4b9d434378b4d5cb759401fc9.jpg","https://raw.githubusercontent.com/shahinalzalam9-web/Joda-Photos/main/7200102/8d195f4b9d434378b4d5cb759401fc9.jpg"
"7200102","ec05a2f6aa12b2089571a3da478afe4.jpg","https://raw.githubusercontent.com/shahinalzalam9-web/Joda-Photos/main/7200102/ec05a2f6aa12b2089571a3da478afe4.jpg"
"7200102","包装-粉色.jpg","https://raw.githubusercontent.com/shahinalzalam9-web/Joda-Photos/main/7200102/包装-粉色.jpg"
"7200102","未标题-1.jpg","https://raw.githubusercontent.com/shahinalzalam9-web/Joda-Photos/main/7200102/未标题-1.jpg"
"7200102","粉色.jpg","https://raw.githubusercontent.com/shahinalzalam9-web/Joda-Photos/main/7200102/粉色.jpg"
"7200102","粉色1.jpg","https://raw.githubusercontent.com/shahinalzalam9-web/Joda-Photos/main/7200102/粉色1.jpg"
"7200102","粉色2.jpg","https://raw.githubusercontent.com/shahinalzalam9-web/Joda-Photos/main/7200102/粉色2.jpg"
"7200102","粉色3.jpg","https://raw.githubusercontent.com/shahinalzalam9-web/Joda-Photos/main/7200102/粉色3.jpg"
"7200103","13d4337e1111f306be93aa51f48a722.jpg","https://raw.githubusercontent.com/shahinalzalam9-web/Joda-Photos/main/7200103/13d4337e1111f306be93aa51f48a722.jpg"
"7200103","6d0be7e83adcd97c57464d4337aa8e7.jpg","https://raw.githubusercontent.com/shahinalzalam9-web/Joda-Photos/main/7200103/6d0be7e83adcd97c57464d4337aa8e7.jpg"
"7200103","包装-绿色.jpg","https://raw.githubusercontent.com/shahinalzalam9-web/Joda-Photos/main/7200103/包装-绿色.jpg"
"7200103","未标题-1.jpg","https://raw.githubusercontent.com/shahinalzalam9-web/Joda-Photos/main/7200103/未标题-1.jpg"
"7200103","绿色.jpg","https://raw.githubusercontent.com/shahinalzalam9-web/Joda-Photos/main/7200103/绿色.jpg"
"7200103","绿色1.jpg","https://raw.githubusercontent.com/shahinalzalam9-web/Joda-Photos/main/7200103/绿色1.jpg"
"7200103","绿色2.jpg","https://raw.githubusercontent.com/shahinalzalam9-web/Joda-Photos/main/7200103/绿色2.jpg"
"7200104","383e5a60a87704ba2c5dbc974b55631.jpg","https://raw.githubusercontent.com/shahinalzalam9-web/Joda-Photos/main/7200104/383e5a60a87704ba2c5dbc974b55631.jpg"
"7200104","包装-白色.jpg","https://raw.githubusercontent.com/shahinalzalam9-web/Joda-Photos/main/7200104/包装-白色.jpg"
"7200104","未标题-1.jpg","https://raw.githubusercontent.com/shahinalzalam9-web/Joda-Photos/main/7200104/未标题-1.jpg"
"7200104","白色.jpg","https://raw.githubusercontent.com/shahinalzalam9-web/Joda-Photos/main/7200104/白色.jpg"
"7200104","白色1.jpg","https://raw.githubusercontent.com/shahinalzalam9-web/Joda-Photos/main/7200104/白色1.jpg"
"7200104","白色2.jpg","https://raw.githubusercontent.com/shahinalzalam9-web/Joda-Photos/main/7200104/白色2.jpg"
"7200104","白色3.jpg","https://raw.githubusercontent.com/shahinalzalam9-web/Joda-Photos/main/7200104/白色3.jpg"
"7200104","白色桌面.jpg","https://raw.githubusercontent.com/shahinalzalam9-web/Joda-Photos/main/7200104/白色桌面.jpg"
"7200105","2dca44660fd99f9bf54cf218b8195f2.jpg","https://raw.githubusercontent.com/shahinalzalam9-web/Joda-Photos/main/7200105/2dca44660fd99f9bf54cf218b8195f2.jpg"
"7200105","包装-黑色.jpg","https://raw.githubusercontent.com/shahinalzalam9-web/Joda-Photos/main/7200105/包装-黑色.jpg"
"7200105","未标题-1.jpg","https://raw.githubusercontent.com/shahinalzalam9-web/Joda-Photos/main/7200105/未标题-1.jpg"
"7200105","黑色.jpg","https://raw.githubusercontent.com/shahinalzalam9-web/Joda-Photos/main/7200105/黑色.jpg"
"7200105","黑色1.jpg","https://raw.githubusercontent.com/shahinalzalam9-web/Joda-Photos/main/7200105/黑色1.jpg"
"7200105","黑色2.jpg","https://raw.githubusercontent.com/shahinalzalam9-web/Joda-Photos/main/7200105/黑色2.jpg"
"7200105","黑色3.jpg","https://raw.githubusercontent.com/shahinalzalam9-web/Joda-Photos/main/7200105/黑色3.jpg"
"7200105","黑色桌面.jpg","https://raw.githubusercontent.com/shahinalzalam9-web/Joda-Photos/main/7200105/黑色桌面.jpg"
"7200108","1.png","https://raw.githubusercontent.com/shahinalzalam9-web/Joda-Photos/main/7200108/1.png"
"7200108","1-2_4.jpg","https://raw.githubusercontent.com/shahinalzalam9-web/Joda-Photos/main/7200108/1-2_4.jpg"
"7200108","1-3_.jpg","https://raw.githubusercontent.com/shahinalzalam9-web/Joda-Photos/main/7200108/1-3_.jpg"
"7200108","1-Lumen 240 C-C编织数据线.jpg","https://raw.githubusercontent.com/shahinalzalam9-web/Joda-Photos/main/7200108/1-Lumen 240 C-C编织数据线.jpg"
"7200108","2-Lumen 240 C-C编织数据线.jpg","https://raw.githubusercontent.com/shahinalzalam9-web/Joda-Photos/main/7200108/2-Lumen 240 C-C编织数据线.jpg"
"7200108","3-Lumen 240 C-C编织数据线.jpg","https://raw.githubusercontent.com/shahinalzalam9-web/Joda-Photos/main/7200108/3-Lumen 240 C-C编织数据线.jpg"
"7200108","4-Lumen 240 C-C编织数据线.jpg","https://raw.githubusercontent.com/shahinalzalam9-web/Joda-Photos/main/7200108/4-Lumen 240 C-C编织数据线.jpg"
"7200108","Lumen 240 C-C编织数据线-彩盒.jpg","https://raw.githubusercontent.com/shahinalzalam9-web/Joda-Photos/main/7200108/Lumen 240 C-C编织数据线-彩盒.jpg"
"7200162","1-MagRoll 60 磁吸线 橙色.jpg","https://raw.githubusercontent.com/shahinalzalam9-web/Joda-Photos/main/7200162/1-MagRoll 60 磁吸线 橙色.jpg"
"7200162","2-MagRoll 60 磁吸线 橙色.jpg","https://raw.githubusercontent.com/shahinalzalam9-web/Joda-Photos/main/7200162/2-MagRoll 60 磁吸线 橙色.jpg"
"7200162","3-MagRoll 60 磁吸线 橙色.jpg","https://raw.githubusercontent.com/shahinalzalam9-web/Joda-Photos/main/7200162/3-MagRoll 60 磁吸线 橙色.jpg"
"7200162","4-MagRoll 60 磁吸线 橙色.jpg","https://raw.githubusercontent.com/shahinalzalam9-web/Joda-Photos/main/7200162/4-MagRoll 60 磁吸线 橙色.jpg"
"7200162","MagRoll 60 磁吸线 橙色.jpg","https://raw.githubusercontent.com/shahinalzalam9-web/Joda-Photos/main/7200162/MagRoll 60 磁吸线 橙色.jpg"
"7200162","橙色001.jpg","https://raw.githubusercontent.com/shahinalzalam9-web/Joda-Photos/main/7200162/橙色001.jpg"
"7200163","1-MagRoll 60 磁吸线 深蓝.jpg","https://raw.githubusercontent.com/shahinalzalam9-web/Joda-Photos/main/7200163/1-MagRoll 60 磁吸线 深蓝.jpg"
"7200163","2-MagRoll 60 磁吸线 深蓝.jpg","https://raw.githubusercontent.com/shahinalzalam9-web/Joda-Photos/main/7200163/2-MagRoll 60 磁吸线 深蓝.jpg"
"7200163","3-MagRoll 60 磁吸线 深蓝.jpg","https://raw.githubusercontent.com/shahinalzalam9-web/Joda-Photos/main/7200163/3-MagRoll 60 磁吸线 深蓝.jpg"
"7200163","4-MagRoll 60 磁吸线 深蓝.jpg","https://raw.githubusercontent.com/shahinalzalam9-web/Joda-Photos/main/7200163/4-MagRoll 60 磁吸线 深蓝.jpg"
"7200163","MagRoll 60 磁吸线 深蓝.jpg","https://raw.githubusercontent.com/shahinalzalam9-web/Joda-Photos/main/7200163/MagRoll 60 磁吸线 深蓝.jpg"
"7200163","深蓝色001.jpg","https://raw.githubusercontent.com/shahinalzalam9-web/Joda-Photos/main/7200163/深蓝色001.jpg"
"7200164","1 (2).jpg","https://raw.githubusercontent.com/shahinalzalam9-web/Joda-Photos/main/7200164/1 (2).jpg"
"7200164","2 (1).jpg","https://raw.githubusercontent.com/shahinalzalam9-web/Joda-Photos/main/7200164/2 (1).jpg"
"7200164","blue.jpg","https://raw.githubusercontent.com/shahinalzalam9-web/Joda-Photos/main/7200164/blue.jpg"
"7200164","多彩.jpg","https://raw.githubusercontent.com/shahinalzalam9-web/Joda-Photos/main/7200164/多彩.jpg"
"7200164","蓝.jpg","https://raw.githubusercontent.com/shahinalzalam9-web/Joda-Photos/main/7200164/蓝.jpg"
"7200164","蓝0.jpg","https://raw.githubusercontent.com/shahinalzalam9-web/Joda-Photos/main/7200164/蓝0.jpg"
"7200164","蓝00.jpg","https://raw.githubusercontent.com/shahinalzalam9-web/Joda-Photos/main/7200164/蓝00.jpg"
"7200164","蓝11.jpg","https://raw.githubusercontent.com/shahinalzalam9-web/Joda-Photos/main/7200164/蓝11.jpg"
"7200166","1 (3).jpg","https://raw.githubusercontent.com/shahinalzalam9-web/Joda-Photos/main/7200166/1 (3).jpg"
"7200166","2 (2).jpg","https://raw.githubusercontent.com/shahinalzalam9-web/Joda-Photos/main/7200166/2 (2).jpg"
"7200166","purple.jpg","https://raw.githubusercontent.com/shahinalzalam9-web/Joda-Photos/main/7200166/purple.jpg"
"7200166","多彩.jpg","https://raw.githubusercontent.com/shahinalzalam9-web/Joda-Photos/main/7200166/多彩.jpg"
"7200166","紫.jpg","https://raw.githubusercontent.com/shahinalzalam9-web/Joda-Photos/main/7200166/紫.jpg"
"7200166","紫0.jpg","https://raw.githubusercontent.com/shahinalzalam9-web/Joda-Photos/main/7200166/紫0.jpg"
"7200166","紫00.jpg","https://raw.githubusercontent.com/shahinalzalam9-web/Joda-Photos/main/7200166/紫00.jpg"
"7200166","紫11.jpg","https://raw.githubusercontent.com/shahinalzalam9-web/Joda-Photos/main/7200166/紫11.jpg"
"7200167","1 (3).jpg","https://raw.githubusercontent.com/shahinalzalam9-web/Joda-Photos/main/7200167/1 (3).jpg"
"7200167","2 (2).jpg","https://raw.githubusercontent.com/shahinalzalam9-web/Joda-Photos/main/7200167/2 (2).jpg"
"7200167","purple.jpg","https://raw.githubusercontent.com/shahinalzalam9-web/Joda-Photos/main/7200167/purple.jpg"
"7200167","多彩.jpg","https://raw.githubusercontent.com/shahinalzalam9-web/Joda-Photos/main/7200167/多彩.jpg"
"7200167","紫.jpg","https://raw.githubusercontent.com/shahinalzalam9-web/Joda-Photos/main/7200167/紫.jpg"
"7200167","紫0.jpg","https://raw.githubusercontent.com/shahinalzalam9-web/Joda-Photos/main/7200167/紫0.jpg"
"7200167","紫00.jpg","https://raw.githubusercontent.com/shahinalzalam9-web/Joda-Photos/main/7200167/紫00.jpg"
"7200167","紫11.jpg","https://raw.githubusercontent.com/shahinalzalam9-web/Joda-Photos/main/7200167/紫11.jpg"
